{
    "dailies_profiles": {
        "delivery": {
            "cropmask": null,
            "framecounter": null,
            "slate": null,
            "text_elements": null
        },
        "internal": {
            "cropmask": {
                "aspect": 1.85,
                "enable": true,
                "opacity": 0.5
            },
            "font": null,
            "font_color": [
                0.8,
                0.8,
                0.8,
                1.0
            ],
            "font_size": null,
            "justify": null,
            "leading": 0.15,
            "text_elements": {
                "artist": {
                    "box": [
                        0.4328125,
                        0.9481481481481482,
                        0.5796875,
                        0.9998842592592593
                    ],
                    "enable": true,
                    "font": "fonts/Helvetica/Helvetica.ttf",
                    "font_color": [
                        0.8,
                        0.8,
                        0.8,
                        1.0
                    ],
                    "font_size": 0.0145833333333,
                    "justify": "center",
                    "prefix": null
                },
                "comment": {
                    "box": [
                        0.018229166666666668,
                        0.018518518518518517,
                        0.49270833333333336,
                        0.14166666666666666
                    ],
                    "enable": true,
                    "font": "fonts/Helvetica/Helvetica.ttf",
                    "font_color": [
                        0.8,
                        0.8,
                        0.8,
                        1.0
                    ],
                    "font_size": 0.0125,
                    "justify": "left",
                    "prefix": null
                },
                "datetime": {
                    "box": [
                        0.8427083333333333,
                        0.9481481481481482,
                        0.9975179036458334,
                        0.996875
                    ],
                    "datetime_format": "%Y-%m-%d - %Hh%M",
                    "enable": true,
                    "font": "fonts/Helvetica/Helvetica.ttf",
                    "font_color": [
                        0.8,
                        0.8,
                        0.8,
                        1.0
                    ],
                    "font_size": 0.0145833333333,
                    "justify": "left",
                    "prefix": null
                },
                "discipline": {
                    "box": [
                        0.020833333333333332,
                        0.9481481481481482,
                        0.14719645182291666,
                        0.987037037037037
                    ],
                    "enable": true,
                    "font": "fonts/Helvetica/Helvetica.ttf",
                    "font_color": [
                        0.8,
                        0.8,
                        0.8,
                        1.0
                    ],
                    "font_size": 0.0145833333333,
                    "justify": "left",
                    "prefix": null
                },
                "framecounter": {
                    "box": [
                        0.9375,
                        0.016666666666666666,
                        0.9890299479166667,
                        0.08333333333333333
                    ],
                    "enable": true,
                    "font": "fonts/Helvetica/Helvetica.ttf",
                    "font_color": [
                        0.8,
                        0.8,
                        0.8,
                        1.0
                    ],
                    "font_size": 0.0145833333333,
                    "justify": "left",
                    "padding": 5,
                    "prefix": null
                }
            }
        }
    },
    "globals": {
        "cropheight": null,
        "cropwidth": null,
        "debug": true,
        "filter": null,
        "fit": true,
        "framerate": 24,
        "height": 1080,
        "input_image_formats": [
            "exr",
            "tif",
            "tiff",
            "png",
            "jpg",
            "jpeg",
            "iff",
            "tex",
            "tx",
            "jp2",
            "j2c"
        ],
        "movie_append_codec": true,
        "movie_ext": "mov",
        "movie_location": "~/tmp/dailies",
        "ocio_default_transform": "grade",
        "ocioconfig": "/af/show/oa/assets/lut/ocio_config/publish/main/lut/v012/bundle/config.ocio",
        "output_codec": "h264_hq",
        "vf": null,
        "width": 1920
    },
    "ocio_profiles": {
        "grade": {
            "ociocolorconvert": [
                "linear",
                "client_grade"
            ]
        },
        "show_log": {
            "ociocolorconvert": [
                "linear",
                "REDLog3G10"
            ]
        }
    },
    "output_codecs": {
        "avc_lq": {
            "bframes": 0,
            "bitdepth": 8,
            "bitrate": null,
            "codec": "libx264",
            "crf": 17,
            "cropheight": null,
            "cropwidth": null,
            "fit": null,
            "framerate": null,
            "height": null,
            "keyint": 1,
            "metadata_s": null,
            "movie_ext": "mov",
            "name": "avc_lq",
            "overlay": "internal_daily",
            "pix_fmt": "yuv444p10le",
            "preset": "slower",
            "profile": "high444",
            "qscale": null,
            "tune": "film",
            "vendor": null,
            "vf": "colormatrix=bt601:bt709",
            "width": null
        },
        "avchq": {
            "bframes": 0,
            "bitdepth": 10,
            "bitrate": null,
            "codec": "libx264",
            "crf": 13,
            "cropheight": null,
            "cropwidth": null,
            "fit": null,
            "framerate": null,
            "height": 1080,
            "keyint": 1,
            "metadata_s": null,
            "movie_ext": "mov",
            "name": "avchq",
            "overlay": "internal_daily",
            "pix_fmt": "yuv444p10le",
            "preset": "slower",
            "profile": "high444",
            "qscale": null,
            "tune": "film",
            "vendor": null,
            "vf": "colormatrix=bt601:bt709",
            "width": 1920
        },
        "avclq": {
            "bframes": 0,
            "bitdepth": 8,
            "bitrate": null,
            "codec": "libx264",
            "crf": 17,
            "cropheight": null,
            "cropwidth": null,
            "fit": null,
            "framerate": null,
            "height": null,
            "keyint": 1,
            "metadata_s": null,
            "movie_ext": "mp4",
            "name": "avclq",
            "overlay": "internal_daily",
            "pix_fmt": "yuv420p",
            "preset": "slower",
            "profile": "high",
            "qscale": null,
            "tune": "film",
            "vendor": null,
            "vf": "colormatrix=bt601:bt709",
            "width": null
        },
        "dnxhd_175": {
            "bframes": null,
            "bitdepth": 10,
            "bitrate": "175M",
            "codec": "dnxhd",
            "crf": null,
            "fit": true,
            "framerate": "24000/1001",
            "height": 1080,
            "keyint": null,
            "metadata_s": null,
            "movie_ext": "mov",
            "name": "dnxhd_175",
            "overlay": "delivery",
            "pix_fmt": "yuva422p10le",
            "preset": null,
            "profile": "dnxhd",
            "qscale": null,
            "tune": null,
            "vendor": null,
            "vf": "colormatrix=bt601:bt709",